name,price,敪憲曽朄帺摦敾掕
GUCCI 僌僢僠 儕儞僌 巜椫 儊儞僘 儗僨傿乕僗 僾儗僛儞僩 婰擮擔...,"=""14900""",昗弨敪憲
僙乕儖Gucci僌僢僠723685...,"=""44300""",昗弨敪憲
GUCCI 僌僢僠 僒儞僌儔僗 儊儞僘 儗僨傿乕僗 傾僕傾儞僼傿僢僩...,"=""22330""",昗弨敪憲
崙撪懄憲 GUCCI 儘僑 僼儔儚乕 僔儖僶乕925 儕儞僌 728261...,"=""26400""",昗弨敪憲
GUCCI 僌僢僠 僱僢僋儗僗 僔儖僶乕925 455535 J8400 0811...,"=""28750""",昗弨敪憲
GUCCI 僒儞僌儔僗 GG0637SK 僂僃儕儞僩儞宆...,"=""22300""",昗弨敪憲
GUCCI 僒儞僌儔僗 傾僕傾儞僼傿僢僩 儐僯僙僢僋僗 僌僢僠 惓婯昳...,"=""15800""",昗弨敪憲
GUCCI仚DHL敪憲侓戝恖婥 僐儞僷僋僩俀偮愜傝嵿晍仚610466...,"=""49700""",昗弨敪憲
亂姰攧昁帄亃僌僢僠 懭墌偺僼僅儖儉偑枺椡偺僔儑儖僟乕僶僢僌...,"=""114000""",昗弨敪憲
亂姰攧昁帄亃僌僢僠 愻楙僨僓僀儞 僪儔儉宆偺僔儑儖僟乕僶僢僌...,"=""75000""",昗弨敪憲
VIP !Gucci僌僢僠侓790131...,"=""70300""",昗弨敪憲
GUCCI 僌僢僠 恖婥 僕儍儞儃 GG 儈僯 僩乕僩/僔儑儖僟乕僶僢僌...,"=""129000""",昗弨敪憲
亂偡偖撏偔両捈塩揦攦晅亃GUCCI GG儗僓乕僷僗僥儖儈僯僂僅儗僢僩...,"=""79600""",昗弨敪憲
僌僢僠 僱僢僋儗僗 GUCCI 僀儞僞乕儘僢僉儞僌G 崙撪敪憲...,"=""32000""",昗弨敪憲
GUCCI 僇僢僩傾僂僩 僩乕僩僶僢僌 679365 JFO00 4933...,"=""42900""",昗弨敪憲
亂姰攧昁帄亃僌僢僠 恖婥敋敪侓僕儍儞儃GG偑偐傢偄偄儈僯僩乕僩...,"=""109000""",昗弨敪憲
亂憲椏崬傒亃!Gucci僌僢僠侓767934...,"=""59800""",昗弨敪憲
GUCCI 僌僢僠 僟僽儖G 僽儗僗儗僢僩...,"=""39800""",昗弨敪憲
亂姰攧昁帄亃僌僢僠 僄儗僈儞僩側戝恖偺儈儏乕儖 戝偒側GG儊僞儖...,"=""48200""",昗弨敪憲
亂僙乕儖亃僌僢僠仚GG僫僀儘儞 僷僨僢僪僼儔僢僩僒儞僟儖*738707...,"=""34800""",昗弨敪憲
偡偖撏偔亣GUCCI崙撪敪 儊儞僘儀儖僩僶僢僌 630919...,"=""88000""",昗弨敪憲
亂崙撪敪憲亃GUCCI 僌僢僠 GG儅乕儌儞僩 擇偮愜傝嵿晍 782749...,"=""61800""",昗弨敪憲
GUCCI 僌僢僠 僀儞僞乕儘僢僉儞僌G 僔儖僶乕 僽儗僗儗僢僩...,"=""43800""",昗弨敪憲
亂姰攧昁帄亃僌僢僠仭僀儞僞乕儘僢僉儞僌G 僗儔僀僪僒儞僟儖...,"=""56900""",昗弨敪憲
亂崙撪敪憲亃GUCCI 僌僢僠 僔儑儖僟乕僶僢僌 儂乕僗價僢僩...,"=""79800""",昗弨敪憲
VIP !Gucci僌僢僠侓僱僀價乕僐僀儞仌僇乕僪...,"=""29800""",昗弨敪憲
GUCCI 僌僢僠 恖婥 GG 儈僢僪僸乕儖 儈儏乕儖 僗儔僀僪僒儞僟儖...,"=""57000""",昗弨敪憲
亂姰攧昁帄亃僌僢僠 宍傕怓傕暱傕壜垽偄 僉僢僘僶働僣僶僢僌...,"=""49800""",昗弨敪憲
亂姰攧昁帄亃僌僢僠仭GG僷僞乕儞 僗儔僀僪 僗億乕僣 僒儞僟儖...,"=""42000""",昗弨敪憲
崙撪懄憲 GUCCI 僗僱乕僋儌僠乕僼 僔儖僶乕925 儕儞僌 577294...,"=""29700""",昗弨敪憲
亂GUCCI亃僩乕僩僶僢僌...,"=""60000""",昗弨敪憲
亂姰攧昁帄亃僌僢僠 戝恖傕巊偊傞僇僢僩傾僂僩儘僑 僉僢僘僩乕僩...,"=""61200""",昗弨敪憲
GUCCI 僌僢僠 僱僢僋儗僗 僀儞僞乕儘僢僉儞僌G...,"=""27100""",昗弨敪憲
崙撪敪憲両懄敪壜仚GUCCI 僠儖僪儗儞僘 GG 僩乕僩僶僢僌...,"=""59800""",昗弨敪憲
VIP !Gucci僌僢僠侓790131...,"=""49500""",昗弨敪憲
VIP !Gucci僌僢僠侓696075...,"=""139600""",昗弨敪憲
侾揰尷傝両VIP屭媞僙乕儖椵愊攧忋憤妟戞侾埵両劔GUCCI598187...,"=""64700""",昗弨敪憲
亂僙乕儖亃GUCCI 僌僢僠 SOHO 儗僓乕 僕僢僾僂僅儗僢僩 598209...,"=""44800""",昗弨敪憲
僙乕儖Gucci僌僢僠4561172揰偺傒...,"=""62800""",昗弨敪憲
GUCCI 僌僢僠 儕儞僌 巜椫 僔儖僶乕 298036 8106 J8400...,"=""22200""",昗弨敪憲
亂姰攧昁帄亃僌僢僠 晲崪偱偐偭偙偄偄 塉偱傕OK儔僶乕僒儞僟儖...,"=""44000""",昗弨敪憲
GUCCI 侓 僆僼傿僨傿傾 儈僯 僋儘僗儃僨傿 僶僢僌 81635996IW...,"=""119500""",昗弨敪憲
亂崙撪敪憲亃GUCCI 僌僢僠 儈僯僂僅儗僢僩 儈僯嵿晍 736151...,"=""47800""",昗弨敪憲
僌僢僠 僱僢僋儗僗 儊儞僘 儗僨傿乕僗 僔儖僶乕925 僪僢僺傾...,"=""29800""",昗弨敪憲
亂捈塩揦攦晅亃僌僢僠仚GG儅乕儌儞僩僗僫僢僾僂僅儗僢僩仚658610...,"=""69800""",昗弨敪憲
!Gucci僌僢僠侓GG儅乕儌儞僩...,"=""22500""",昗弨敪憲
GUCCI:: iPhone  働乕僗[RESALE]...,"=""15800""",昗弨敪憲
娭惻晧扴側偟仚GUCCI 僌僢僠  儂乕僗價僢僩 儊儞僘 儘乕僼傽乕...,"=""89500""",昗弨敪憲
懄敪!僌僢僠 傾僨傿僟僗 adidas x Gucci 僆乕僶乕僒僀僘 T僔儍僣...,"=""37900""",昗弨敪憲
尷掕僙乕儖崙撪GUCCI GG儗僓乕 擇偮愜傝 僐儞僷僋僩 儈僯嵿晍...,"=""65800""",昗弨敪憲
GUCCI仚DHL敪憲侓JUMBO GG  儈僯 僔儑儖僟乕/僩乕僩仚699406...,"=""103700""",昗弨敪憲
GUCCI 僌僢僠 gg儅乕儌儞僩 僗儌乕儖 僔儑儖僟乕僶僢僌 *VIP壙奿...,"=""195600""",昗弨敪憲
GUCCI 僒儞僌儔僗 GG1180SK 僂僃儕儞僩儞 傾僀僂僃傾...,"=""32800""",昗弨敪憲
GUCCI 僽儗僗儗僢僩 620798 J8400 僀儞僞乕儘僢僉儞僌G 僠僃乕儞...,"=""49800""",昗弨敪憲
憲椏娭惻崬GUCCI儈僯僔儑儖僟乕僶僢僌 1955儂乕僗價僢僩...,"=""79800""",昗弨敪憲
SALE亂婏愓偺擖壸仭崙撪捈塩亃GUCCI*SOHO儈僯僠僃乕儞僶僢僌...,"=""138200""",昗弨敪憲
GUCCI 僌僢僠 僒儞僌儔僗 傾僕傾儞僼傿僢僩 儊儞僘 儗僨傿乕僗...,"=""21900""",昗弨敪憲
亂埨怱偺崙撪敪亃GUCCI 僌僢僠 iPhone15/15PRO 僽儔僢僋...,"=""24980""",昗弨敪憲
亂姰攧昁帄亃僌僢僠仭僽儗僗儗僢僩 僠僃乕儞 GG...,"=""39300""",昗弨敪憲
adidas 亊 Gucci phone case 億僔僃僢僩 僔儑僢僷乕晅...,"=""64500""",昗弨敪憲
GUCCI/僌僢僠 僱僢僋儗僗 225055-J8400-8106僔儖僶乕...,"=""32850""",昗弨敪憲
仚憲椏娭惻崬仚GUCCI 僀儞僞乕儘僢僉儞僌 彫慘擖傟晅偒 挿嵿晍仚...,"=""59900""",昗弨敪憲
GUCCI 僒儞僌儔僗 GG0998S 僗僋僄傾宆 GG儘僑...,"=""29800""",昗弨敪憲
GUCCI 僌僢僠 恖婥  僉儍僢僩僿僢僪 儕儞僌/巜椫 僔儖僶乕925...,"=""29000""",昗弨敪憲
GUCCI 僌僢僠 恖婥 儔僶乕 儂乕僗價僢僩晅偒 儊儞僘 儘乕僼傽乕...,"=""30000""",昗弨敪憲
6枩庢堷撍攋UPS懍払曋棙梡両亂GUCCI亃儈僯 僔儑儖僟乕僶僢僌...,"=""128900""",昗弨敪憲
娭惻晧扴側偟仚GUCCI  僕儍儞儃GG 僗儌乕儖 僋儘僗儃僨傿僶僢僌...,"=""270900""",昗弨敪憲
亂傾僂僩儗僢僩(敔晄椙)亃GUCCI 1900 YA019517 榬帪寁...,"=""51150""",昗弨敪憲
亂崙撪敪亃GUCCI 儗僨傿乕僗 僱僢僋儗僗 儁儞僟儞僩...,"=""20780""",昗弨敪憲
GUCCI 僌僢僠 僱僢僋儗僗 僔儖僶乕925 225055 J8400 8106...,"=""31450""",昗弨敪憲
GUCCI 僌僢僠 恖婥 僀儞僞乕儘僢僉儞僌GG 僠僃乕儞 僽儗僗儗僢僩...,"=""35000""",昗弨敪憲
侾揰尷傝両VIP屭媞僙乕儖椵愊攧忋憤妟戞侾埵両劔GUCCI598166...,"=""57100""",昗弨敪憲
6枩庢堷撍攋UPS懍払曋棙梡両亂GUCCI亃MIAMI_僒儞僟儖...,"=""51900""",昗弨敪憲
GUCCI 僙-儖 僔儑儖僟乕僶僢僌 儘僑 崟怓 幬傔偑偗壜...,"=""135736""",昗弨敪憲
僌僢僠?僙乕儖 尰抧壙奿 悢検尷掕 姰攧昁帄...,"=""116948""",昗弨敪憲
GUCCI 儊僈僱 GG0922O 僗僋僄傾宆 儊僞儖G儘僑 Bee...,"=""15980""",昗弨敪憲
GUCCI 僒儞僌儔僗 儐僯僙僢僋僗 傾僕傾儞僼傿僢僩 GG0637SK-001...,"=""23490""",昗弨敪憲
"亂憲椏,娭惻崬亃GUCCI 儊僈僱 GG1221O...","=""59000""",昗弨敪憲
GUCCI 僌僢僠 儕儞僌 巜椫 儊儞僘 儗僨傿乕僗 僔儖僶乕925...,"=""27900""",昗弨敪憲
GUCCI 儊儞僘 1953儂乕僗價僢僩 儗僓乕儘乕僼傽乕 妚孋 尷掕SALE...,"=""96900""",昗弨敪憲
