brand,name,category,features,materials,size,color,target,price_range,description
PRADA,シンフォニー トートバッグ,トートバッグ,軽量ナイロン素材、大容量収納,ナイロン,W35cm x H25cm x D15cm,ブラック,20-30代女性,15-20万円,"**PRADA シンフォニー トートバッグ**: エレガントなデザインと実用性を兼ね備えた、女性らしいトートバッグです。20-30代の女性に最適なアイテムで、日常の通勤や通学、デートにぴったりです。

このトートバッグは、**軽量なナイロン素材**で作られており、持ち運びが非常に楽です。ブラックのシンプルなデザインは、どんな服装にも合わせやすく、上質な風合いを感じることができます。特に、以下の3つの特徴が魅力です。

- **軽量で持ちやすい**: ナイロン素材により、長時間持ち運びしても疲れにくいです。
- **大容量収納**: 日常使いのアイテムを余裕を持って収納できるサイズ感が魅力です。A4書類やタブレット、ポーチなどを一緒に持ち運びやすいです。
- **シンプルで洗練されたデザイン**: ブラックのモノトーンカラーは、カジュアルな日常からビジネスシーンまで幅広く活躍します。

このトートバッグは、通勤途中のカフェでの休憩や、友人とランチデートの際に、スタイリッシュかつ実用的なアクセントを加えるのに最適です。静かな上質感を求める女性におすすめのアイテムです。"
